day,sensor_id,avg_hourly_counts,sensor_description,latitude,longitude,location,rank
Friday,38,2790.0119047619046,Flinders St-Swanston St (West),-37.81723437,144.96715033,"(-37.81723437, 144.96715033)",1
Friday,60,1931.286111111111,Flinders La - Swanston St (West) Temporary,-37.81668188,144.9668954,"(-37.81668188, 144.9668954)",2
Friday,4,1582.6454868974442,Town Hall (West),-37.81487988,144.9660878,"(-37.81487988, 144.9660878)",3
Friday,41,1491.6409370199692,Flinders La-Swanston St (West),-37.81668633,144.96689733,"(-37.81668633, 144.96689733)",4
Friday,22,1485.3616996233523,Flinders St-Elizabeth St (East),-37.81786445,144.96506823,"(-37.81786445, 144.96506823)",5
Friday,35,1453.5022374309028,Southbank,-37.82017828,144.96508877,"(-37.82017828, 144.96508877)",6
Friday,6,1285.2040828580007,Flinders Street Station Underpass,-37.81911704,144.96558256,"(-37.81911704, 144.96558256)",7
Friday,3,1263.268665158371,Melbourne Central,-37.81101523,144.96429485,"(-37.81101523, 144.96429485)",8
Friday,1,1239.2645799892991,Bourke Street Mall (North),-37.8134944,144.96515324,"(-37.8134944, 144.96515324)",9
Friday,32,1235.6483228511531,City Square,-37.81573742,144.96685718,"(-37.81573742, 144.96685718)",10
Friday,24,1197.8836615609046,Spencer St-Collins St (North),-37.81887962,144.95449198,"(-37.81887962, 144.95449198)",11
Friday,5,1142.4722426922133,Princes Bridge,-37.81874249,144.96787656,"(-37.81874249, 144.96787656)",12
Friday,2,1135.3268585131893,Bourke Street Mall (South),-37.81380667,144.96516719,"(-37.81380667, 144.96516719)",13
Friday,13,956.3524180655476,Flagstaff Station,-37.81239679,144.95652653,"(-37.81239679, 144.95652653)",14
Friday,84,932.6397058823529,Elizabeth St - Flinders St (East) - New footpath,-37.81798049,144.96503383,"(-37.81798049, 144.96503383)",15
Friday,28,925.4810357403355,The Arts Centre,-37.82129924,144.96879309,"(-37.82129924, 144.96879309)",16
Friday,16,889.0813271604939,Australia on Collins,-37.81573422,144.96521044,"(-37.81573422, 144.96521044)",17
Friday,15,864.73209249859,State Library,-37.81064378,144.96447132,"(-37.81064378, 144.96447132)",18
Friday,47,827.4435797665369,Melbourne Central-Elizabeth St (East),-37.81160331,144.96220077,"(-37.81160331, 144.96220077)",19
Friday,45,723.8263888888889,Little Collins St-Swanston St (East),-37.81414074,144.9660938,"(-37.81414074, 144.9660938)",20
Friday,53,661.0748587570622,Collins Street (North),-37.8156419,144.965499,"(-37.8156419, 144.965499)",21
Friday,55,641.6084656084656,Elizabeth St-La Trobe St (East),-37.80988941,144.96134331,"(-37.80988941, 144.96134331)",22
Friday,21,633.244884672619,Bourke St-Russell St (West),-37.81244703,144.96778757,"(-37.81244703, 144.96778757)",23
Friday,25,620.9257477120483,Melbourne Convention Exhibition Centre,-37.82401776,144.95604426,"(-37.82401776, 144.95604426)",24
Friday,9,590.3323727185399,Southern Cross Station,-37.81982992,144.95102556,"(-37.81982992, 144.95102556)",25
Friday,57,582.6338058419244,Bourke St Bridge,-37.8176735,144.95025595,"(-37.8176735, 144.95025595)",26
Friday,58,567.7042483660131,Bourke St - Spencer St (North),-37.81686074,144.95358075,"(-37.81686074, 144.95358075)",27
Friday,19,560.3870997088792,Chinatown-Swanston St (North),-37.81237202,144.96550671,"(-37.81237202, 144.96550671)",28
Friday,66,541.7145316804408,State Library - New,-37.81057845,144.96444294,"(-37.81057845, 144.96444294)",29
Friday,30,518.7802859292701,Lonsdale St (South),-37.81121849,144.96656807,"(-37.81121849, 144.96656807)",30
Friday,17,518.5655946911689,Collins Place (South),-37.81362542,144.97323592,"(-37.81362542, 144.97323592)",31
Friday,26,517.3252514367816,QV Market-Elizabeth St (West),-37.80869542,144.96049404,"(-37.80869542, 144.96049404)",32
Friday,79,439.18096856414616,Flinders St (South),-37.81794046,144.96616678,"(-37.81794046, 144.96616678)",33
Friday,14,414.48460762048956,Sandridge Bridge,-37.82011242,144.96291898,"(-37.82011242, 144.96291898)",34
Friday,18,391.25835809806836,Collins Place (North),-37.81344861,144.97305354,"(-37.81344861, 144.97305354)",35
Friday,20,389.7119330453564,Chinatown-Lt Bourke St (South),-37.81172913,144.9682466,"(-37.81172913, 144.9682466)",36
Friday,29,369.43194431379925,St Kilda Rd-Alexandra Gardens,-37.81965808,144.96863453,"(-37.81965808, 144.96863453)",37
Friday,23,351.3444383259912,Spencer St-Collins St (South),-37.81909256,144.95452749,"(-37.81909256, 144.95452749)",38
Friday,7,349.42001351249905,Birrarung Marr,-37.81862929,144.97169395,"(-37.81862929, 144.97169395)",39
Friday,52,335.81474103585657,Elizabeth St-Lonsdale St (South),-37.81252157,144.9619401,"(-37.81252157, 144.9619401)",40
Friday,36,309.2208945406709,Queen St (West),-37.81652527,144.96121063,"(-37.81652527, 144.96121063)",41
Friday,63,288.937479648323,231 Bourke St,-37.81333081,144.96675572,"(-37.81333081, 144.96675572)",42
Friday,40,284.14815989847716,Lonsdale St-Spring St (West),-37.80999341,144.97227588,"(-37.80999341, 144.97227588)",43
Friday,61,274.60042735042737,RMIT Building 14,-37.80767455,144.96309115,"(-37.80767455, 144.96309115)",44
Friday,31,268.45160707836766,Lygon St (West),-37.8016968,144.96658911,"(-37.8016968, 144.96658911)",45
Friday,67,262.02684294871796,Flinders Ln -Degraves St (South),-37.81688755,144.9656257,"(-37.81688755, 144.9656257)",46
Friday,72,261.42587209302326,Flinders St- ACMI,-37.81726337,144.96872809,"(-37.81726337, 144.96872809)",47
Friday,65,261.4114583333333,Swanston St - City Square,-37.81569416,144.96680641,"(-37.81569416, 144.96680641)",48
Friday,59,259.88468468468466,Building 80 RMIT,-37.80825648,144.96304859,"(-37.80825648, 144.96304859)",49
Friday,56,253.5239579275419,Lonsdale St - Elizabeth St (North),-37.81234775,144.96153311,"(-37.81234775, 144.96153311)",50
Friday,39,235.25850778314546,Alfred Place,-37.81379749,144.96995745,"(-37.81379749, 144.96995745)",51
Friday,50,233.74922839506172,Faraday St-Lygon St (West),-37.79808191,144.96721014,"(-37.79808191, 144.96721014)",52
Friday,42,224.60656836461126,Grattan St-Swanston St (West),-37.80008565,144.96386412,"(-37.80008565, 144.96386412)",53
Friday,12,215.43450577981085,New Quay,-37.81457987,144.94292398,"(-37.81457987, 144.94292398)",54
Friday,10,195.95429703921687,Victoria Point,-37.81876473,144.94710545,"(-37.81876473, 144.94710545)",55
Friday,33,193.45042116151913,Flinders St-Spring St (West),-37.81483252,144.97454056,"(-37.81483252, 144.97454056)",56
Friday,48,182.9927462887989,QVM-Queen St (East),-37.80631581,144.95866698,"(-37.80631581, 144.95866698)",57
Friday,43,179.2970430107527,Monash Rd-Swanston St (West),-37.79844525,144.96411782,"(-37.79844525, 144.96411782)",58
Friday,8,172.18384774917652,Webb Bridge,-37.82293543,144.94717511,"(-37.82293543, 144.94717511)",59
Friday,37,155.51810408529505,Lygon St (East),-37.80310271,144.96671452,"(-37.80310271, 144.96671452)",60
Friday,70,153.8837962962963,Errol Street (East),-37.80456984,144.94946229,"(-37.80456984, 144.94946229)",61
Friday,34,146.32094268880556,Flinders St-Spark La,-37.81537985,144.9741505,"(-37.81537985, 144.9741505)",62
Friday,49,143.1847609561753,QVM-Therry St (South),-37.80730067,144.95956055,"(-37.80730067, 144.95956055)",63
Friday,77,142.98067632850243,Harbour Esplanade (West) - Pedestrian path,-37.81441438,144.94433026,"(-37.81441438, 144.94433026)",64
Friday,68,127.04286858974359,Flinders Ln -Degraves St (North),-37.81684789,144.96559789,"(-37.81684789, 144.96559789)",65
Friday,87,122.72222222222223,Errol St (West),-37.80454949,144.94921863,"(-37.80454949, 144.94921863)",66
Friday,62,121.66982758620689,La Trobe St (North),-37.80996494,144.96216521,"(-37.80996494, 144.96216521)",67
Friday,27,120.82568394528438,QV Market-Peel St,-37.80606888,144.95644693,"(-37.80606888, 144.95644693)",68
Friday,54,119.18888888888888,Lincoln-Swanston (West),-37.804024,144.963084,"(-37.804024, 144.963084)",69
Friday,51,107.16064257028113,QVM-Franklin St (North),-37.80841814,144.95906317,"(-37.80841814, 144.95906317)",70
Friday,64,99.02640264026402,Royal Pde - Grattan St,-37.79949544,144.95792282,"(-37.79949544, 144.95792282)",71
Friday,69,98.84935897435898,Flinders Ln -Degraves St (Crossing),-37.81687225,144.96559145,"(-37.81687225, 144.96559145)",72
Friday,73,97.36309523809524,Bourke St - Spencer St (South),-37.81695684,144.95415373,"(-37.81695684, 144.95415373)",73
Friday,11,92.55066480480845,Waterfront City,-37.81564989,144.93970695,"(-37.81564989, 144.93970695)",74
Friday,85,88.37867647058823,Macaulay Rd (North),-37.79432414,144.92973379,"(-37.79432414, 144.92973379)",75
Friday,44,84.83331505647548,Tin Alley-Swanston St (West),-37.79690473,144.96440378,"(-37.79690473, 144.96440378)",76
Friday,46,77.15061688831918,Pelham St (South),-37.80240719,144.96156731,"(-37.80240719, 144.96156731)",77
Friday,76,63.862713675213676,Macaulay Rd- Bellair St,-37.79453802,144.93036194,"(-37.79453802, 144.93036194)",78
Friday,86,63.21342281879195,Queensberry St - Errol St (South),-37.80309992,144.94908064,"(-37.80309992, 144.94908064)",79
Friday,75,43.75660569105691,Spring St- Flinders st (West),-37.81515275,144.97467661,"(-37.81515275, 144.97467661)",80
Friday,78,39.35024154589372,Harbour Esplanade (West) - Bike Path,-37.81471642,144.9446508,"(-37.81471642, 144.9446508)",81
Friday,71,34.81944444444444,Westwood Place,-37.81235775,144.97136962,"(-37.81235775, 144.97136962)",82
Monday,38,2287.9603174603176,Flinders St-Swanston St (West),-37.81723437,144.96715033,"(-37.81723437, 144.96715033)",1
Monday,60,1486.4345238095239,Flinders La - Swanston St (West) Temporary,-37.81668188,144.9668954,"(-37.81668188, 144.9668954)",2
Monday,22,1346.5823996265174,Flinders St-Elizabeth St (East),-37.81786445,144.96506823,"(-37.81786445, 144.96506823)",3
Monday,4,1253.0225397856448,Town Hall (West),-37.81487988,144.9660878,"(-37.81487988, 144.9660878)",4
Monday,41,1206.9344418960245,Flinders La-Swanston St (West),-37.81668633,144.96689733,"(-37.81668633, 144.96689733)",5
Monday,35,1151.4310481736368,Southbank,-37.82017828,144.96508877,"(-37.82017828, 144.96508877)",6
Monday,24,1083.5737109658678,Spencer St-Collins St (North),-37.81887962,144.95449198,"(-37.81887962, 144.95449198)",7
Monday,6,1076.2058682058682,Flinders Street Station Underpass,-37.81911704,144.96558256,"(-37.81911704, 144.96558256)",8
Monday,3,991.8787078934138,Melbourne Central,-37.81101523,144.96429485,"(-37.81101523, 144.96429485)",9
Monday,13,964.7178257394085,Flagstaff Station,-37.81239679,144.95652653,"(-37.81239679, 144.95652653)",10
Monday,1,959.980671482076,Bourke Street Mall (North),-37.8134944,144.96515324,"(-37.8134944, 144.96515324)",11
Monday,32,941.1151175213676,City Square,-37.81573742,144.96685718,"(-37.81573742, 144.96685718)",12
Monday,5,903.7040615384616,Princes Bridge,-37.81874249,144.96787656,"(-37.81874249, 144.96787656)",13
Monday,2,886.6586930455635,Bourke Street Mall (South),-37.81380667,144.96516719,"(-37.81380667, 144.96516719)",14
Monday,84,772.0535714285714,Elizabeth St - Flinders St (East) - New footpath,-37.81798049,144.96503383,"(-37.81798049, 144.96503383)",15
Monday,28,761.6930022573364,The Arts Centre,-37.82129924,144.96879309,"(-37.82129924, 144.96879309)",16
Monday,15,732.6639030612245,State Library,-37.81064378,144.96447132,"(-37.81064378, 144.96447132)",17
Monday,16,718.0257716049383,Australia on Collins,-37.81573422,144.96521044,"(-37.81573422, 144.96521044)",18
Monday,47,695.2480506822612,Melbourne Central-Elizabeth St (East),-37.81160331,144.96220077,"(-37.81160331, 144.96220077)",19
Monday,45,582.679609929078,Little Collins St-Swanston St (East),-37.81414074,144.9660938,"(-37.81414074, 144.9660938)",20
Monday,9,562.3259592326139,Southern Cross Station,-37.81982992,144.95102556,"(-37.81982992, 144.95102556)",21
Monday,53,557.0788479697828,Collins Street (North),-37.8156419,144.965499,"(-37.8156419, 144.965499)",22
Monday,55,549.6977513227513,Elizabeth St-La Trobe St (East),-37.80988941,144.96134331,"(-37.80988941, 144.96134331)",23
Monday,25,478.99719101123594,Melbourne Convention Exhibition Centre,-37.82401776,144.95604426,"(-37.82401776, 144.95604426)",24
Monday,58,477.39674796747966,Bourke St - Spencer St (North),-37.81686074,144.95358075,"(-37.81686074, 144.95358075)",25
Monday,21,474.09694258016407,Bourke St-Russell St (West),-37.81244703,144.96778757,"(-37.81244703, 144.96778757)",26
Monday,17,463.8738380665427,Collins Place (South),-37.81362542,144.97323592,"(-37.81362542, 144.97323592)",27
Monday,66,452.6602409638554,State Library - New,-37.81057845,144.96444294,"(-37.81057845, 144.96444294)",28
Monday,57,442.7284492213205,Bourke St Bridge,-37.8176735,144.95025595,"(-37.8176735, 144.95025595)",29
Monday,19,424.26814279258923,Chinatown-Swanston St (North),-37.81237202,144.96550671,"(-37.81237202, 144.96550671)",30
Monday,30,371.67386023916293,Lonsdale St (South),-37.81121849,144.96656807,"(-37.81121849, 144.96656807)",31
Monday,18,366.7173373075012,Collins Place (North),-37.81344861,144.97305354,"(-37.81344861, 144.97305354)",32
Monday,14,356.8808126695691,Sandridge Bridge,-37.82011242,144.96291898,"(-37.82011242, 144.96291898)",33
Monday,29,341.6023073989321,St Kilda Rd-Alexandra Gardens,-37.81965808,144.96863453,"(-37.81965808, 144.96863453)",34
Monday,26,340.0329373650108,QV Market-Elizabeth St (West),-37.80869542,144.96049404,"(-37.80869542, 144.96049404)",35
Monday,79,320.8988095238095,Flinders St (South),-37.81794046,144.96616678,"(-37.81794046, 144.96616678)",36
Monday,23,308.5488888888889,Spencer St-Collins St (South),-37.81909256,144.95452749,"(-37.81909256, 144.95452749)",37
Monday,7,286.2771247739602,Birrarung Marr,-37.81862929,144.97169395,"(-37.81862929, 144.97169395)",38
Monday,52,269.0323705179283,Elizabeth St-Lonsdale St (South),-37.81252157,144.9619401,"(-37.81252157, 144.9619401)",39
Monday,59,265.7096920289855,Building 80 RMIT,-37.80825648,144.96304859,"(-37.80825648, 144.96304859)",40
Monday,61,262.13243099787684,RMIT Building 14,-37.80767455,144.96309115,"(-37.80767455, 144.96309115)",41
Monday,20,247.13829022988506,Chinatown-Lt Bourke St (South),-37.81172913,144.9682466,"(-37.81172913, 144.9682466)",42
Monday,36,235.1058576015945,Queen St (West),-37.81652527,144.96121063,"(-37.81652527, 144.96121063)",43
Monday,42,234.84269913976092,Grattan St-Swanston St (West),-37.80008565,144.96386412,"(-37.80008565, 144.96386412)",44
Monday,40,225.98170473773266,Lonsdale St-Spring St (West),-37.80999341,144.97227588,"(-37.80999341, 144.97227588)",45
Monday,63,218.7138671875,231 Bourke St,-37.81333081,144.96675572,"(-37.81333081, 144.96675572)",46
Monday,67,216.35096153846155,Flinders Ln -Degraves St (South),-37.81688755,144.9656257,"(-37.81688755, 144.9656257)",47
Monday,56,212.79794454140003,Lonsdale St - Elizabeth St (North),-37.81234775,144.96153311,"(-37.81234775, 144.96153311)",48
Monday,31,199.3174373359877,Lygon St (West),-37.8016968,144.96658911,"(-37.8016968, 144.96658911)",49
Monday,39,193.1209217185313,Alfred Place,-37.81379749,144.96995745,"(-37.81379749, 144.96995745)",50
Monday,43,192.83419456301954,Monash Rd-Swanston St (West),-37.79844525,144.96411782,"(-37.79844525, 144.96411782)",51
Monday,50,189.6926889714994,Faraday St-Lygon St (West),-37.79808191,144.96721014,"(-37.79808191, 144.96721014)",52
Monday,65,185.27583979328165,Swanston St - City Square,-37.81569416,144.96680641,"(-37.81569416, 144.96680641)",53
Monday,72,172.87404214559388,Flinders St- ACMI,-37.81726337,144.96872809,"(-37.81726337, 144.96872809)",54
Monday,10,170.00984630163305,Victoria Point,-37.81876473,144.94710545,"(-37.81876473, 144.94710545)",55
Monday,33,168.89587659448236,Flinders St-Spring St (West),-37.81483252,144.97454056,"(-37.81483252, 144.97454056)",56
Monday,12,157.24609134556198,New Quay,-37.81457987,144.94292398,"(-37.81457987, 144.94292398)",57
Monday,8,155.17654607675385,Webb Bridge,-37.82293543,144.94717511,"(-37.82293543, 144.94717511)",58
Monday,70,129.3246336996337,Errol Street (East),-37.80456984,144.94946229,"(-37.80456984, 144.94946229)",59
Monday,77,128.6779761904762,Harbour Esplanade (West) - Pedestrian path,-37.81441438,144.94433026,"(-37.81441438, 144.94433026)",60
Monday,37,124.80658174097664,Lygon St (East),-37.80310271,144.96671452,"(-37.80310271, 144.96671452)",61
Monday,48,118.80651731160896,QVM-Queen St (East),-37.80631581,144.95866698,"(-37.80631581, 144.95866698)",62
Monday,34,115.05053418803419,Flinders St-Spark La,-37.81537985,144.9741505,"(-37.81537985, 144.9741505)",63
Monday,54,113.41369047619048,Lincoln-Swanston (West),-37.804024,144.963084,"(-37.804024, 144.963084)",64
Monday,68,112.68469551282051,Flinders Ln -Degraves St (North),-37.81684789,144.96559789,"(-37.81684789, 144.96559789)",65
Monday,64,103.17227564102564,Royal Pde - Grattan St,-37.79949544,144.95792282,"(-37.79949544, 144.95792282)",66
Monday,62,98.72241379310344,La Trobe St (North),-37.80996494,144.96216521,"(-37.80996494, 144.96216521)",67
Monday,87,94.81944444444444,Errol St (West),-37.80454949,144.94921863,"(-37.80454949, 144.94921863)",68
Monday,51,88.0933734939759,QVM-Franklin St (North),-37.80841814,144.95906317,"(-37.80841814, 144.95906317)",69
Monday,49,87.52627175368139,QVM-Therry St (South),-37.80730067,144.95956055,"(-37.80730067, 144.95956055)",70
Monday,69,86.49639423076923,Flinders Ln -Degraves St (Crossing),-37.81687225,144.96559145,"(-37.81687225, 144.96559145)",71
Monday,44,86.43548564514354,Tin Alley-Swanston St (West),-37.79690473,144.96440378,"(-37.79690473, 144.96440378)",72
Monday,73,81.83522727272727,Bourke St - Spencer St (South),-37.81695684,144.95415373,"(-37.81695684, 144.95415373)",73
Monday,46,80.70224358974359,Pelham St (South),-37.80240719,144.96156731,"(-37.80240719, 144.96156731)",74
Monday,27,78.65048806941432,QV Market-Peel St,-37.80606888,144.95644693,"(-37.80606888, 144.95644693)",75
Monday,85,72.69404761904762,Macaulay Rd (North),-37.79432414,144.92973379,"(-37.79432414, 144.92973379)",76
Monday,11,71.68952150211993,Waterfront City,-37.81564989,144.93970695,"(-37.81564989, 144.93970695)",77
Monday,76,56.666666666666664,Macaulay Rd- Bellair St,-37.79453802,144.93036194,"(-37.79453802, 144.93036194)",78
Monday,86,50.958333333333336,Queensberry St - Errol St (South),-37.80309992,144.94908064,"(-37.80309992, 144.94908064)",79
Monday,78,35.99583333333333,Harbour Esplanade (West) - Bike Path,-37.81471642,144.9446508,"(-37.81471642, 144.9446508)",80
Monday,75,34.54417670682731,Spring St- Flinders st (West),-37.81515275,144.97467661,"(-37.81515275, 144.97467661)",81
Monday,71,32.571735395189,Westwood Place,-37.81235775,144.97136962,"(-37.81235775, 144.97136962)",82
Saturday,38,2600.236507936508,Flinders St-Swanston St (West),-37.81723437,144.96715033,"(-37.81723437, 144.96715033)",1
Saturday,60,1722.3555555555556,Flinders La - Swanston St (West) Temporary,-37.81668188,144.9668954,"(-37.81668188, 144.9668954)",2
Saturday,4,1457.4304314030314,Town Hall (West),-37.81487988,144.9660878,"(-37.81487988, 144.9660878)",3
Saturday,35,1448.5625,Southbank,-37.82017828,144.96508877,"(-37.82017828, 144.96508877)",4
Saturday,41,1446.0381970970207,Flinders La-Swanston St (West),-37.81668633,144.96689733,"(-37.81668633, 144.96689733)",5
Saturday,22,1241.507448680352,Flinders St-Elizabeth St (East),-37.81786445,144.96506823,"(-37.81786445, 144.96506823)",6
Saturday,3,1211.1612822282166,Melbourne Central,-37.81101523,144.96429485,"(-37.81101523, 144.96429485)",7
Saturday,32,1173.1882911392406,City Square,-37.81573742,144.96685718,"(-37.81573742, 144.96685718)",8
Saturday,5,1137.5263771316404,Princes Bridge,-37.81874249,144.96787656,"(-37.81874249, 144.96787656)",9
Saturday,1,1134.5444942167546,Bourke Street Mall (North),-37.8134944,144.96515324,"(-37.8134944, 144.96515324)",10
Saturday,2,1029.079053041654,Bourke Street Mall (South),-37.81380667,144.96516719,"(-37.81380667, 144.96516719)",11
Saturday,84,1017.572619047619,Elizabeth St - Flinders St (East) - New footpath,-37.81798049,144.96503383,"(-37.81798049, 144.96503383)",12
Saturday,6,930.7317248829672,Flinders Street Station Underpass,-37.81911704,144.96558256,"(-37.81911704, 144.96558256)",13
Saturday,28,903.9635393105945,The Arts Centre,-37.82129924,144.96879309,"(-37.82129924, 144.96879309)",14
Saturday,47,779.7953518398967,Melbourne Central-Elizabeth St (East),-37.81160331,144.96220077,"(-37.81160331, 144.96220077)",15
Saturday,15,756.0439895161861,State Library,-37.81064378,144.96447132,"(-37.81064378, 144.96447132)",16
Saturday,45,707.6100917431193,Little Collins St-Swanston St (East),-37.81414074,144.9660938,"(-37.81414074, 144.9660938)",17
Saturday,25,688.7657463734207,Melbourne Convention Exhibition Centre,-37.82401776,144.95604426,"(-37.82401776, 144.95604426)",18
Saturday,24,642.1608620532872,Spencer St-Collins St (North),-37.81887962,144.95449198,"(-37.81887962, 144.95449198)",19
Saturday,66,636.1598487452733,State Library - New,-37.81057845,144.96444294,"(-37.81057845, 144.96444294)",20
Saturday,21,636.0565213349447,Bourke St-Russell St (West),-37.81244703,144.96778757,"(-37.81244703, 144.96778757)",21
Saturday,55,632.2083195774183,Elizabeth St-La Trobe St (East),-37.80988941,144.96134331,"(-37.80988941, 144.96134331)",22
Saturday,16,626.9361111111111,Australia on Collins,-37.81573422,144.96521044,"(-37.81573422, 144.96521044)",23
Saturday,19,606.2060847519015,Chinatown-Swanston St (North),-37.81237202,144.96550671,"(-37.81237202, 144.96550671)",24
Saturday,26,571.4816443766268,QV Market-Elizabeth St (West),-37.80869542,144.96049404,"(-37.80869542, 144.96049404)",25
Saturday,30,532.7097657725727,Lonsdale St (South),-37.81121849,144.96656807,"(-37.81121849, 144.96656807)",26
Saturday,79,521.5316666666666,Flinders St (South),-37.81794046,144.96616678,"(-37.81794046, 144.96616678)",27
Saturday,53,510.7695294117647,Collins Street (North),-37.8156419,144.965499,"(-37.8156419, 144.965499)",28
Saturday,7,464.48223615464997,Birrarung Marr,-37.81862929,144.97169395,"(-37.81862929, 144.97169395)",29
Saturday,29,442.7284629981025,St Kilda Rd-Alexandra Gardens,-37.81965808,144.96863453,"(-37.81965808, 144.96863453)",30
Saturday,20,424.8255824413061,Chinatown-Lt Bourke St (South),-37.81172913,144.9682466,"(-37.81172913, 144.9682466)",31
Saturday,58,368.5629463374822,Bourke St - Spencer St (North),-37.81686074,144.95358075,"(-37.81686074, 144.95358075)",32
Saturday,14,337.28927806475997,Sandridge Bridge,-37.82011242,144.96291898,"(-37.82011242, 144.96291898)",33
Saturday,57,332.4967084306647,Bourke St Bridge,-37.8176735,144.95025595,"(-37.8176735, 144.95025595)",34
Saturday,31,327.4139392300063,Lygon St (West),-37.8016968,144.96658911,"(-37.8016968, 144.96658911)",35
Saturday,65,317.916802079948,Swanston St - City Square,-37.81569416,144.96680641,"(-37.81569416, 144.96680641)",36
Saturday,63,317.4939403865051,231 Bourke St,-37.81333081,144.96675572,"(-37.81333081, 144.96675572)",37
Saturday,52,310.9168869795109,Elizabeth St-Lonsdale St (South),-37.81252157,144.9619401,"(-37.81252157, 144.9619401)",38
Saturday,72,310.4296761720638,Flinders St- ACMI,-37.81726337,144.96872809,"(-37.81726337, 144.96872809)",39
Saturday,50,279.13849475632327,Faraday St-Lygon St (West),-37.79808191,144.96721014,"(-37.79808191, 144.96721014)",40
Saturday,67,262.88804478208715,Flinders Ln -Degraves St (South),-37.81688755,144.9656257,"(-37.81688755, 144.9656257)",41
Saturday,12,254.2336073172239,New Quay,-37.81457987,144.94292398,"(-37.81457987, 144.94292398)",42
Saturday,48,244.7604517869184,QVM-Queen St (East),-37.80631581,144.95866698,"(-37.80631581, 144.95866698)",43
Saturday,56,236.87079198287606,Lonsdale St - Elizabeth St (North),-37.81234775,144.96153311,"(-37.81234775, 144.96153311)",44
Saturday,61,204.72579354494533,RMIT Building 14,-37.80767455,144.96309115,"(-37.80767455, 144.96309115)",45
Saturday,17,203.14481921553596,Collins Place (South),-37.81362542,144.97323592,"(-37.81362542, 144.97323592)",46
Saturday,59,197.83306944130288,Building 80 RMIT,-37.80825648,144.96304859,"(-37.80825648, 144.96304859)",47
Saturday,77,185.27046263345196,Harbour Esplanade (West) - Pedestrian path,-37.81441438,144.94433026,"(-37.81441438, 144.94433026)",48
Saturday,49,183.53500331785003,QVM-Therry St (South),-37.80730067,144.95956055,"(-37.80730067, 144.95956055)",49
Saturday,37,182.14151639776443,Lygon St (East),-37.80310271,144.96671452,"(-37.80310271, 144.96671452)",50
Saturday,40,175.623044397463,Lonsdale St-Spring St (West),-37.80999341,144.97227588,"(-37.80999341, 144.97227588)",51
Saturday,36,173.1514686540991,Queen St (West),-37.81652527,144.96121063,"(-37.81652527, 144.96121063)",52
Saturday,23,162.95058909489453,Spencer St-Collins St (South),-37.81909256,144.95452749,"(-37.81909256, 144.95452749)",53
Saturday,27,151.58447283195395,QV Market-Peel St,-37.80606888,144.95644693,"(-37.80606888, 144.95644693)",54
Saturday,70,151.33856812933024,Errol Street (East),-37.80456984,144.94946229,"(-37.80456984, 144.94946229)",55
Saturday,68,125.68972411035585,Flinders Ln -Degraves St (North),-37.81684789,144.96559789,"(-37.81684789, 144.96559789)",56
Saturday,62,121.98536585365854,La Trobe St (North),-37.80996494,144.96216521,"(-37.80996494, 144.96216521)",57
Saturday,11,118.82828039298415,Waterfront City,-37.81564989,144.93970695,"(-37.81564989, 144.93970695)",58
Saturday,87,117.68981481481481,Errol St (West),-37.80454949,144.94921863,"(-37.80454949, 144.94921863)",59
Saturday,34,116.60406852248394,Flinders St-Spark La,-37.81537985,144.9741505,"(-37.81537985, 144.9741505)",60
Saturday,51,114.0451290591174,QVM-Franklin St (North),-37.80841814,144.95906317,"(-37.80841814, 144.95906317)",61
Saturday,8,108.67929940192847,Webb Bridge,-37.82293543,144.94717511,"(-37.82293543, 144.94717511)",62
Saturday,69,102.38944422231107,Flinders Ln -Degraves St (Crossing),-37.81687225,144.96559145,"(-37.81687225, 144.96559145)",63
Saturday,18,100.86839654851326,Collins Place (North),-37.81344861,144.97305354,"(-37.81344861, 144.97305354)",64
Saturday,33,97.78206264775413,Flinders St-Spring St (West),-37.81483252,144.97454056,"(-37.81483252, 144.97454056)",65
Saturday,42,93.33430362740708,Grattan St-Swanston St (West),-37.80008565,144.96386412,"(-37.80008565, 144.96386412)",66
Saturday,39,90.56461275139067,Alfred Place,-37.81379749,144.96995745,"(-37.81379749, 144.96995745)",67
Saturday,9,86.69217380866642,Southern Cross Station,-37.81982992,144.95102556,"(-37.81982992, 144.95102556)",68
Saturday,85,81.50833333333334,Macaulay Rd (North),-37.79432414,144.92973379,"(-37.79432414, 144.92973379)",69
Saturday,13,80.66526778577138,Flagstaff Station,-37.81239679,144.95652653,"(-37.81239679, 144.95652653)",70
Saturday,73,79.25426944971537,Bourke St - Spencer St (South),-37.81695684,144.95415373,"(-37.81695684, 144.95415373)",71
Saturday,54,76.87314172447968,Lincoln-Swanston (West),-37.804024,144.963084,"(-37.804024, 144.963084)",72
Saturday,10,75.48713942307693,Victoria Point,-37.81876473,144.94710545,"(-37.81876473, 144.94710545)",73
Saturday,43,70.04858934169279,Monash Rd-Swanston St (West),-37.79844525,144.96411782,"(-37.79844525, 144.96411782)",74
Saturday,86,58.253787878787875,Queensberry St - Errol St (South),-37.80309992,144.94908064,"(-37.80309992, 144.94908064)",75
Saturday,78,57.74021352313167,Harbour Esplanade (West) - Bike Path,-37.81471642,144.9446508,"(-37.81471642, 144.9446508)",76
Saturday,76,54.56336528221512,Macaulay Rd- Bellair St,-37.79453802,144.93036194,"(-37.79453802, 144.93036194)",77
Saturday,75,48.34498480243161,Spring St- Flinders st (West),-37.81515275,144.97467661,"(-37.81515275, 144.97467661)",78
Saturday,44,45.534582922284336,Tin Alley-Swanston St (West),-37.79690473,144.96440378,"(-37.79690473, 144.96440378)",79
Saturday,46,39.17836630504148,Pelham St (South),-37.80240719,144.96156731,"(-37.80240719, 144.96156731)",80
Saturday,64,38.381573583367306,Royal Pde - Grattan St,-37.79949544,144.95792282,"(-37.79949544, 144.95792282)",81
Saturday,71,22.862711130359465,Westwood Place,-37.81235775,144.97136962,"(-37.81235775, 144.97136962)",82
Sunday,38,2227.4237490071487,Flinders St-Swanston St (West),-37.81723437,144.96715033,"(-37.81723437, 144.96715033)",1
Sunday,60,1275.3944444444444,Flinders La - Swanston St (West) Temporary,-37.81668188,144.9668954,"(-37.81668188, 144.9668954)",2
Sunday,35,1225.2527355217508,Southbank,-37.82017828,144.96508877,"(-37.82017828, 144.96508877)",3
Sunday,4,1181.5955786736022,Town Hall (West),-37.81487988,144.9660878,"(-37.81487988, 144.9660878)",4
Sunday,41,1173.205505639457,Flinders La-Swanston St (West),-37.81668633,144.96689733,"(-37.81668633, 144.96689733)",5
Sunday,22,1079.9758838679465,Flinders St-Elizabeth St (East),-37.81786445,144.96506823,"(-37.81786445, 144.96506823)",6
Sunday,32,998.609189331925,City Square,-37.81573742,144.96685718,"(-37.81573742, 144.96685718)",7
Sunday,3,993.3250062924742,Melbourne Central,-37.81101523,144.96429485,"(-37.81101523, 144.96429485)",8
Sunday,5,968.5025817555938,Princes Bridge,-37.81874249,144.96787656,"(-37.81874249, 144.96787656)",9
Sunday,1,923.3736535759684,Bourke Street Mall (North),-37.8134944,144.96515324,"(-37.8134944, 144.96515324)",10
Sunday,84,826.35,Elizabeth St - Flinders St (East) - New footpath,-37.81798049,144.96503383,"(-37.81798049, 144.96503383)",11
Sunday,28,819.0246421453162,The Arts Centre,-37.82129924,144.96879309,"(-37.82129924, 144.96879309)",12
Sunday,2,811.3104047976012,Bourke Street Mall (South),-37.81380667,144.96516719,"(-37.81380667, 144.96516719)",13
Sunday,6,785.9965165165165,Flinders Street Station Underpass,-37.81911704,144.96558256,"(-37.81911704, 144.96558256)",14
Sunday,47,653.4073293335496,Melbourne Central-Elizabeth St (East),-37.81160331,144.96220077,"(-37.81160331, 144.96220077)",15
Sunday,15,633.1553129651946,State Library,-37.81064378,144.96447132,"(-37.81064378, 144.96447132)",16
Sunday,25,604.3612487148332,Melbourne Convention Exhibition Centre,-37.82401776,144.95604426,"(-37.82401776, 144.95604426)",17
Sunday,45,575.2860674554123,Little Collins St-Swanston St (East),-37.81414074,144.9660938,"(-37.81414074, 144.9660938)",18
Sunday,55,555.4341931216932,Elizabeth St-La Trobe St (East),-37.80988941,144.96134331,"(-37.80988941, 144.96134331)",19
Sunday,21,548.797152693775,Bourke St-Russell St (West),-37.81244703,144.96778757,"(-37.81244703, 144.96778757)",20
Sunday,66,527.6377410468319,State Library - New,-37.81057845,144.96444294,"(-37.81057845, 144.96444294)",21
Sunday,26,519.363374448546,QV Market-Elizabeth St (West),-37.80869542,144.96049404,"(-37.80869542, 144.96049404)",22
Sunday,24,517.4235764235764,Spencer St-Collins St (North),-37.81887962,144.95449198,"(-37.81887962, 144.95449198)",23
Sunday,19,516.0690840039787,Chinatown-Swanston St (North),-37.81237202,144.96550671,"(-37.81237202, 144.96550671)",24
Sunday,16,465.53434171940114,Australia on Collins,-37.81573422,144.96521044,"(-37.81573422, 144.96521044)",25
Sunday,30,452.46274990569594,Lonsdale St (South),-37.81121849,144.96656807,"(-37.81121849, 144.96656807)",26
Sunday,29,451.8284619070436,St Kilda Rd-Alexandra Gardens,-37.81965808,144.96863453,"(-37.81965808, 144.96863453)",27
Sunday,7,416.85686392310004,Birrarung Marr,-37.81862929,144.97169395,"(-37.81862929, 144.97169395)",28
Sunday,79,404.2758333333333,Flinders St (South),-37.81794046,144.96616678,"(-37.81794046, 144.96616678)",29
Sunday,53,395.4759711890424,Collins Street (North),-37.8156419,144.965499,"(-37.8156419, 144.965499)",30
Sunday,20,342.4847063069566,Chinatown-Lt Bourke St (South),-37.81172913,144.9682466,"(-37.81172913, 144.9682466)",31
Sunday,31,303.3925478166727,Lygon St (West),-37.8016968,144.96658911,"(-37.8016968, 144.96658911)",32
Sunday,14,297.98871827013477,Sandridge Bridge,-37.82011242,144.96291898,"(-37.82011242, 144.96291898)",33
Sunday,58,296.499795751634,Bourke St - Spencer St (North),-37.81686074,144.95358075,"(-37.81686074, 144.95358075)",34
Sunday,12,267.48148148148147,New Quay,-37.81457987,144.94292398,"(-37.81457987, 144.94292398)",35
Sunday,57,253.7475559417771,Bourke St Bridge,-37.8176735,144.95025595,"(-37.8176735, 144.95025595)",36
Sunday,52,245.15478749793286,Elizabeth St-Lonsdale St (South),-37.81252157,144.9619401,"(-37.81252157, 144.9619401)",37
Sunday,50,238.08288482238967,Faraday St-Lygon St (West),-37.79808191,144.96721014,"(-37.79808191, 144.96721014)",38
Sunday,72,232.43247126436782,Flinders St- ACMI,-37.81726337,144.96872809,"(-37.81726337, 144.96872809)",39
Sunday,65,231.50423177083334,Swanston St - City Square,-37.81569416,144.96680641,"(-37.81569416, 144.96680641)",40
Sunday,48,229.61263550135502,QVM-Queen St (East),-37.80631581,144.95866698,"(-37.80631581, 144.95866698)",41
Sunday,63,225.06016260162602,231 Bourke St,-37.81333081,144.96675572,"(-37.81333081, 144.96675572)",42
Sunday,67,197.55128205128204,Flinders Ln -Degraves St (South),-37.81688755,144.9656257,"(-37.81688755, 144.9656257)",43
Sunday,56,197.02664092664094,Lonsdale St - Elizabeth St (North),-37.81234775,144.96153311,"(-37.81234775, 144.96153311)",44
Sunday,61,189.62366452991452,RMIT Building 14,-37.80767455,144.96309115,"(-37.80767455, 144.96309115)",45
Sunday,49,183.80527888446215,QVM-Therry St (South),-37.80730067,144.95956055,"(-37.80730067, 144.95956055)",46
Sunday,77,183.2345238095238,Harbour Esplanade (West) - Pedestrian path,-37.81441438,144.94433026,"(-37.81441438, 144.94433026)",47
Sunday,59,171.90625,Building 80 RMIT,-37.80825648,144.96304859,"(-37.80825648, 144.96304859)",48
Sunday,11,169.08807383724437,Waterfront City,-37.81564989,144.93970695,"(-37.81564989, 144.93970695)",49
Sunday,17,145.29699103713187,Collins Place (South),-37.81362542,144.97323592,"(-37.81362542, 144.97323592)",50
Sunday,37,139.66157598897018,Lygon St (East),-37.80310271,144.96671452,"(-37.80310271, 144.96671452)",51
Sunday,23,138.33705091873114,Spencer St-Collins St (South),-37.81909256,144.95452749,"(-37.81909256, 144.95452749)",52
Sunday,27,135.42725382041775,QV Market-Peel St,-37.80606888,144.95644693,"(-37.80606888, 144.95644693)",53
Sunday,40,129.58605733629537,Lonsdale St-Spring St (West),-37.80999341,144.97227588,"(-37.80999341, 144.97227588)",54
Sunday,36,127.58119376782972,Queen St (West),-37.81652527,144.96121063,"(-37.81652527, 144.96121063)",55
Sunday,70,117.5485347985348,Errol Street (East),-37.80456984,144.94946229,"(-37.80456984, 144.94946229)",56
Sunday,51,109.0775,QVM-Franklin St (North),-37.80841814,144.95906317,"(-37.80841814, 144.95906317)",57
Sunday,8,105.43011871251989,Webb Bridge,-37.82293543,144.94717511,"(-37.82293543, 144.94717511)",58
Sunday,68,103.13100961538461,Flinders Ln -Degraves St (North),-37.81684789,144.96559789,"(-37.81684789, 144.96559789)",59
Sunday,34,95.92261650277896,Flinders St-Spark La,-37.81537985,144.9741505,"(-37.81537985, 144.9741505)",60
Sunday,62,95.6853448275862,La Trobe St (North),-37.80996494,144.96216521,"(-37.80996494, 144.96216521)",61
Sunday,87,88.44907407407408,Errol St (West),-37.80454949,144.94921863,"(-37.80454949, 144.94921863)",62
Sunday,42,88.12539114886007,Grattan St-Swanston St (West),-37.80008565,144.96386412,"(-37.80008565, 144.96386412)",63
Sunday,69,80.54847756410257,Flinders Ln -Degraves St (Crossing),-37.81687225,144.96559145,"(-37.81687225, 144.96559145)",64
Sunday,33,74.75768775872265,Flinders St-Spring St (West),-37.81483252,144.97454056,"(-37.81483252, 144.97454056)",65
Sunday,18,70.24472783825817,Collins Place (North),-37.81344861,144.97305354,"(-37.81344861, 144.97305354)",66
Sunday,73,69.6155303030303,Bourke St - Spencer St (South),-37.81695684,144.95415373,"(-37.81695684, 144.95415373)",67
Sunday,54,69.41784591194968,Lincoln-Swanston (West),-37.804024,144.963084,"(-37.804024, 144.963084)",68
Sunday,9,66.36113943028485,Southern Cross Station,-37.81982992,144.95102556,"(-37.81982992, 144.95102556)",69
Sunday,85,66.01785714285714,Macaulay Rd (North),-37.79432414,144.92973379,"(-37.79432414, 144.92973379)",70
Sunday,43,64.6290485262804,Monash Rd-Swanston St (West),-37.79844525,144.96411782,"(-37.79844525, 144.96411782)",71
Sunday,78,64.23273809523809,Harbour Esplanade (West) - Bike Path,-37.81471642,144.9446508,"(-37.81471642, 144.9446508)",72
Sunday,13,61.889144342263094,Flagstaff Station,-37.81239679,144.95652653,"(-37.81239679, 144.95652653)",73
Sunday,39,60.8264348197141,Alfred Place,-37.81379749,144.96995745,"(-37.81379749, 144.96995745)",74
Sunday,10,56.78781512605042,Victoria Point,-37.81876473,144.94710545,"(-37.81876473, 144.94710545)",75
Sunday,86,45.19191919191919,Queensberry St - Errol St (South),-37.80309992,144.94908064,"(-37.80309992, 144.94908064)",76
Sunday,44,43.35716642833572,Tin Alley-Swanston St (West),-37.79690473,144.96440378,"(-37.79690473, 144.96440378)",77
Sunday,76,43.20886752136752,Macaulay Rd- Bellair St,-37.79453802,144.93036194,"(-37.79453802, 144.93036194)",78
Sunday,46,36.763691521634996,Pelham St (South),-37.80240719,144.96156731,"(-37.80240719, 144.96156731)",79
Sunday,64,35.87211221122112,Royal Pde - Grattan St,-37.79949544,144.95792282,"(-37.79949544, 144.95792282)",80
Sunday,75,32.68191056910569,Spring St- Flinders st (West),-37.81515275,144.97467661,"(-37.81515275, 144.97467661)",81
Sunday,71,19.368489583333332,Westwood Place,-37.81235775,144.97136962,"(-37.81235775, 144.97136962)",82
Thursday,38,2485.120283018868,Flinders St-Swanston St (West),-37.81723437,144.96715033,"(-37.81723437, 144.96715033)",1
Thursday,60,1712.6996904024768,Flinders La - Swanston St (West) Temporary,-37.81668188,144.9668954,"(-37.81668188, 144.9668954)",2
Thursday,22,1419.0678085405912,Flinders St-Elizabeth St (East),-37.81786445,144.96506823,"(-37.81786445, 144.96506823)",3
Thursday,4,1377.1674681570055,Town Hall (West),-37.81487988,144.9660878,"(-37.81487988, 144.9660878)",4
Thursday,41,1359.6869498660544,Flinders La-Swanston St (West),-37.81668633,144.96689733,"(-37.81668633, 144.96689733)",5
Thursday,35,1246.6975731996833,Southbank,-37.82017828,144.96508877,"(-37.82017828, 144.96508877)",6
Thursday,24,1190.4750818479447,Spencer St-Collins St (North),-37.81887962,144.95449198,"(-37.81887962, 144.95449198)",7
Thursday,6,1179.0267421550323,Flinders Street Station Underpass,-37.81911704,144.96558256,"(-37.81911704, 144.96558256)",8
Thursday,1,1082.2238645525397,Bourke Street Mall (North),-37.8134944,144.96515324,"(-37.8134944, 144.96515324)",9
Thursday,3,1077.9945502380356,Melbourne Central,-37.81101523,144.96429485,"(-37.81101523, 144.96429485)",10
Thursday,13,1047.1654647435898,Flagstaff Station,-37.81239679,144.95652653,"(-37.81239679, 144.95652653)",11
Thursday,32,1044.7792721518988,City Square,-37.81573742,144.96685718,"(-37.81573742, 144.96685718)",12
Thursday,2,987.3988338542919,Bourke Street Mall (South),-37.81380667,144.96516719,"(-37.81380667, 144.96516719)",13
Thursday,5,976.5812238879331,Princes Bridge,-37.81874249,144.96787656,"(-37.81874249, 144.96787656)",14
Thursday,28,844.2135321935249,The Arts Centre,-37.82129924,144.96879309,"(-37.82129924, 144.96879309)",15
Thursday,84,843.7438725490196,Elizabeth St - Flinders St (East) - New footpath,-37.81798049,144.96503383,"(-37.81798049, 144.96503383)",16
Thursday,16,796.9078376703841,Australia on Collins,-37.81573422,144.96521044,"(-37.81573422, 144.96521044)",17
Thursday,15,782.058993515647,State Library,-37.81064378,144.96447132,"(-37.81064378, 144.96447132)",18
Thursday,47,770.6875406636304,Melbourne Central-Elizabeth St (East),-37.81160331,144.96220077,"(-37.81160331, 144.96220077)",19
Thursday,45,641.5191208005718,Little Collins St-Swanston St (East),-37.81414074,144.9660938,"(-37.81414074, 144.9660938)",20
Thursday,9,631.4792017311854,Southern Cross Station,-37.81982992,144.95102556,"(-37.81982992, 144.95102556)",21
Thursday,53,631.0016424213984,Collins Street (North),-37.8156419,144.965499,"(-37.8156419, 144.965499)",22
Thursday,55,603.4404093760317,Elizabeth St-La Trobe St (East),-37.80988941,144.96134331,"(-37.80988941, 144.96134331)",23
Thursday,58,545.1085714285714,Bourke St - Spencer St (North),-37.81686074,144.95358075,"(-37.81686074, 144.95358075)",24
Thursday,57,537.940156114484,Bourke St Bridge,-37.8176735,144.95025595,"(-37.8176735, 144.95025595)",25
Thursday,17,524.8398287758753,Collins Place (South),-37.81362542,144.97323592,"(-37.81362542, 144.97323592)",26
Thursday,21,514.2409413522599,Bourke St-Russell St (West),-37.81244703,144.96778757,"(-37.81244703, 144.96778757)",27
Thursday,25,503.46862042970224,Melbourne Convention Exhibition Centre,-37.82401776,144.95604426,"(-37.82401776, 144.95604426)",28
Thursday,66,488.2679849982953,State Library - New,-37.81057845,144.96444294,"(-37.81057845, 144.96444294)",29
Thursday,26,484.7665527168046,QV Market-Elizabeth St (West),-37.80869542,144.96049404,"(-37.80869542, 144.96049404)",30
Thursday,19,458.4545205978855,Chinatown-Swanston St (North),-37.81237202,144.96550671,"(-37.81237202, 144.96550671)",31
Thursday,18,412.5640691835596,Collins Place (North),-37.81344861,144.97305354,"(-37.81344861, 144.97305354)",32
Thursday,30,407.2825840574235,Lonsdale St (South),-37.81121849,144.96656807,"(-37.81121849, 144.96656807)",33
Thursday,14,382.4135716102773,Sandridge Bridge,-37.82011242,144.96291898,"(-37.82011242, 144.96291898)",34
Thursday,79,370.57019810508183,Flinders St (South),-37.81794046,144.96616678,"(-37.81794046, 144.96616678)",35
Thursday,23,348.7278842609657,Spencer St-Collins St (South),-37.81909256,144.95452749,"(-37.81909256, 144.95452749)",36
Thursday,29,317.1592368719305,St Kilda Rd-Alexandra Gardens,-37.81965808,144.96863453,"(-37.81965808, 144.96863453)",37
Thursday,52,301.9011280690113,Elizabeth St-Lonsdale St (South),-37.81252157,144.9619401,"(-37.81252157, 144.9619401)",38
Thursday,20,292.26974395961054,Chinatown-Lt Bourke St (South),-37.81172913,144.9682466,"(-37.81172913, 144.9682466)",39
Thursday,61,288.81568418244865,RMIT Building 14,-37.80767455,144.96309115,"(-37.80767455, 144.96309115)",40
Thursday,59,285.0940594059406,Building 80 RMIT,-37.80825648,144.96304859,"(-37.80825648, 144.96304859)",41
Thursday,36,282.7028858766944,Queen St (West),-37.81652527,144.96121063,"(-37.81652527, 144.96121063)",42
Thursday,40,276.29616319627945,Lonsdale St-Spring St (West),-37.80999341,144.97227588,"(-37.80999341, 144.97227588)",43
Thursday,7,265.1878564995497,Birrarung Marr,-37.81862929,144.97169395,"(-37.81862929, 144.97169395)",44
Thursday,63,258.1162790697674,231 Bourke St,-37.81333081,144.96675572,"(-37.81333081, 144.96675572)",45
Thursday,42,246.9203697516427,Grattan St-Swanston St (West),-37.80008565,144.96386412,"(-37.80008565, 144.96386412)",46
Thursday,67,244.94922031187525,Flinders Ln -Degraves St (South),-37.81688755,144.9656257,"(-37.81688755, 144.9656257)",47
Thursday,56,234.6571653233733,Lonsdale St - Elizabeth St (North),-37.81234775,144.96153311,"(-37.81234775, 144.96153311)",48
Thursday,39,228.46267379679145,Alfred Place,-37.81379749,144.96995745,"(-37.81379749, 144.96995745)",49
Thursday,65,222.5843353916152,Swanston St - City Square,-37.81569416,144.96680641,"(-37.81569416, 144.96680641)",50
Thursday,72,222.40812379110253,Flinders St- ACMI,-37.81726337,144.96872809,"(-37.81726337, 144.96872809)",51
Thursday,31,215.27921024161557,Lygon St (West),-37.8016968,144.96658911,"(-37.8016968, 144.96658911)",52
Thursday,43,206.7073088582014,Monash Rd-Swanston St (West),-37.79844525,144.96411782,"(-37.79844525, 144.96411782)",53
Thursday,50,197.24228871067243,Faraday St-Lygon St (West),-37.79808191,144.96721014,"(-37.79808191, 144.96721014)",54
Thursday,10,192.96314333814334,Victoria Point,-37.81876473,144.94710545,"(-37.81876473, 144.94710545)",55
Thursday,33,189.89255099024535,Flinders St-Spring St (West),-37.81483252,144.97454056,"(-37.81483252, 144.97454056)",56
Thursday,48,177.33023019634393,QVM-Queen St (East),-37.80631581,144.95866698,"(-37.80631581, 144.95866698)",57
Thursday,8,165.01888401559455,Webb Bridge,-37.82293543,144.94717511,"(-37.82293543, 144.94717511)",58
Thursday,12,161.63327558470488,New Quay,-37.81457987,144.94292398,"(-37.81457987, 144.94292398)",59
Thursday,70,144.46413887619917,Errol Street (East),-37.80456984,144.94946229,"(-37.80456984, 144.94946229)",60
Thursday,49,135.84343770819453,QVM-Therry St (South),-37.80730067,144.95956055,"(-37.80730067, 144.95956055)",61
Thursday,77,134.93493975903615,Harbour Esplanade (West) - Pedestrian path,-37.81441438,144.94433026,"(-37.81441438, 144.94433026)",62
Thursday,34,128.55854311730047,Flinders St-Spark La,-37.81537985,144.9741505,"(-37.81537985, 144.9741505)",63
Thursday,37,126.93726275832982,Lygon St (East),-37.80310271,144.96671452,"(-37.80310271, 144.96671452)",64
Thursday,68,125.95521791283487,Flinders Ln -Degraves St (North),-37.81684789,144.96559789,"(-37.81684789, 144.96559789)",65
Thursday,54,123.42724028548771,Lincoln-Swanston (West),-37.804024,144.963084,"(-37.804024, 144.963084)",66
Thursday,27,113.57626357841816,QV Market-Peel St,-37.80606888,144.95644693,"(-37.80606888, 144.95644693)",67
Thursday,64,110.24717285945073,Royal Pde - Grattan St,-37.79949544,144.95792282,"(-37.79949544, 144.95792282)",68
Thursday,87,109.50520833333333,Errol St (West),-37.80454949,144.94921863,"(-37.80454949, 144.94921863)",69
Thursday,51,103.24540704533963,QVM-Franklin St (North),-37.80841814,144.95906317,"(-37.80841814, 144.95906317)",70
Thursday,62,100.42861214021089,La Trobe St (North),-37.80996494,144.96216521,"(-37.80996494, 144.96216521)",71
Thursday,73,99.5625,Bourke St - Spencer St (South),-37.81695684,144.95415373,"(-37.81695684, 144.95415373)",72
Thursday,44,93.79300515294375,Tin Alley-Swanston St (West),-37.79690473,144.96440378,"(-37.79690473, 144.96440378)",73
Thursday,69,91.77888844462215,Flinders Ln -Degraves St (Crossing),-37.81687225,144.96559145,"(-37.81687225, 144.96559145)",74
Thursday,46,87.35976388002553,Pelham St (South),-37.80240719,144.96156731,"(-37.80240719, 144.96156731)",75
Thursday,85,80.25612745098039,Macaulay Rd (North),-37.79432414,144.92973379,"(-37.79432414, 144.92973379)",76
Thursday,11,66.66314318692667,Waterfront City,-37.81564989,144.93970695,"(-37.81564989, 144.93970695)",77
Thursday,76,62.66257995735608,Macaulay Rd- Bellair St,-37.79453802,144.93036194,"(-37.79453802, 144.93036194)",78
Thursday,86,59.7890625,Queensberry St - Errol St (South),-37.80309992,144.94908064,"(-37.80309992, 144.94908064)",79
Thursday,75,42.85294117647059,Spring St- Flinders st (West),-37.81515275,144.97467661,"(-37.81515275, 144.97467661)",80
Thursday,78,36.79397590361446,Harbour Esplanade (West) - Bike Path,-37.81471642,144.9446508,"(-37.81471642, 144.9446508)",81
Thursday,71,34.268514508445215,Westwood Place,-37.81235775,144.97136962,"(-37.81235775, 144.97136962)",82
Tuesday,38,2318.260714285714,Flinders St-Swanston St (West),-37.81723437,144.96715033,"(-37.81723437, 144.96715033)",1
Tuesday,60,1467.5347222222222,Flinders La - Swanston St (West) Temporary,-37.81668188,144.9668954,"(-37.81668188, 144.9668954)",2
Tuesday,22,1381.2284949365614,Flinders St-Elizabeth St (East),-37.81786445,144.96506823,"(-37.81786445, 144.96506823)",3
Tuesday,41,1270.998106060606,Flinders La-Swanston St (West),-37.81668633,144.96689733,"(-37.81668633, 144.96689733)",4
Tuesday,4,1264.6292404488552,Town Hall (West),-37.81487988,144.9660878,"(-37.81487988, 144.9660878)",5
Tuesday,35,1193.0218968473816,Southbank,-37.82017828,144.96508877,"(-37.82017828, 144.96508877)",6
Tuesday,24,1154.8963231956423,Spencer St-Collins St (North),-37.81887962,144.95449198,"(-37.81887962, 144.95449198)",7
Tuesday,6,1120.2432204918525,Flinders Street Station Underpass,-37.81911704,144.96558256,"(-37.81911704, 144.96558256)",8
Tuesday,13,1042.2004396482814,Flagstaff Station,-37.81239679,144.95652653,"(-37.81239679, 144.95652653)",9
Tuesday,3,1024.3342988476795,Melbourne Central,-37.81101523,144.96429485,"(-37.81101523, 144.96429485)",10
Tuesday,32,963.2000534188035,City Square,-37.81573742,144.96685718,"(-37.81573742, 144.96685718)",11
Tuesday,1,962.5745192307693,Bourke Street Mall (North),-37.8134944,144.96515324,"(-37.8134944, 144.96515324)",12
Tuesday,5,897.1412460713625,Princes Bridge,-37.81874249,144.96787656,"(-37.81874249, 144.96787656)",13
Tuesday,2,872.6450528338137,Bourke Street Mall (South),-37.81380667,144.96516719,"(-37.81380667, 144.96516719)",14
Tuesday,84,802.5095238095238,Elizabeth St - Flinders St (East) - New footpath,-37.81798049,144.96503383,"(-37.81798049, 144.96503383)",15
Tuesday,28,775.098540476838,The Arts Centre,-37.82129924,144.96879309,"(-37.82129924, 144.96879309)",16
Tuesday,15,749.9509111456421,State Library,-37.81064378,144.96447132,"(-37.81064378, 144.96447132)",17
Tuesday,16,732.8361111111111,Australia on Collins,-37.81573422,144.96521044,"(-37.81573422, 144.96521044)",18
Tuesday,47,717.724609375,Melbourne Central-Elizabeth St (East),-37.81160331,144.96220077,"(-37.81160331, 144.96220077)",19
Tuesday,9,618.9914248021108,Southern Cross Station,-37.81982992,144.95102556,"(-37.81982992, 144.95102556)",20
Tuesday,45,601.6482269503546,Little Collins St-Swanston St (East),-37.81414074,144.9660938,"(-37.81414074, 144.9660938)",21
Tuesday,53,588.0125473484849,Collins Street (North),-37.8156419,144.965499,"(-37.8156419, 144.965499)",22
Tuesday,55,579.2215293731539,Elizabeth St-La Trobe St (East),-37.80988941,144.96134331,"(-37.80988941, 144.96134331)",23
Tuesday,58,513.9058751778817,Bourke St - Spencer St (North),-37.81686074,144.95358075,"(-37.81686074, 144.95358075)",24
Tuesday,57,500.17462718824294,Bourke St Bridge,-37.8176735,144.95025595,"(-37.8176735, 144.95025595)",25
Tuesday,17,499.6541218637993,Collins Place (South),-37.81362542,144.97323592,"(-37.81362542, 144.97323592)",26
Tuesday,25,477.0976683210038,Melbourne Convention Exhibition Centre,-37.82401776,144.95604426,"(-37.82401776, 144.95604426)",27
Tuesday,21,476.3006835846053,Bourke St-Russell St (West),-37.81244703,144.96778757,"(-37.81244703, 144.96778757)",28
Tuesday,26,468.6175123484508,QV Market-Elizabeth St (West),-37.80869542,144.96049404,"(-37.80869542, 144.96049404)",29
Tuesday,66,456.49237029501523,State Library - New,-37.81057845,144.96444294,"(-37.81057845, 144.96444294)",30
Tuesday,19,421.6739150131376,Chinatown-Swanston St (North),-37.81237202,144.96550671,"(-37.81237202, 144.96550671)",31
Tuesday,18,402.6963110172649,Collins Place (North),-37.81344861,144.97305354,"(-37.81344861, 144.97305354)",32
Tuesday,14,370.1149367407314,Sandridge Bridge,-37.82011242,144.96291898,"(-37.82011242, 144.96291898)",33
Tuesday,30,364.2937265917603,Lonsdale St (South),-37.81121849,144.96656807,"(-37.81121849, 144.96656807)",34
Tuesday,79,346.45307167235495,Flinders St (South),-37.81794046,144.96616678,"(-37.81794046, 144.96616678)",35
Tuesday,23,333.8629769934399,Spencer St-Collins St (South),-37.81909256,144.95452749,"(-37.81909256, 144.95452749)",36
Tuesday,29,311.73503787878786,St Kilda Rd-Alexandra Gardens,-37.81965808,144.96863453,"(-37.81965808, 144.96863453)",37
Tuesday,59,282.61653454133636,Building 80 RMIT,-37.80825648,144.96304859,"(-37.80825648, 144.96304859)",38
Tuesday,61,281.8534642951951,RMIT Building 14,-37.80767455,144.96309115,"(-37.80767455, 144.96309115)",39
Tuesday,52,280.7960972383,Elizabeth St-Lonsdale St (South),-37.81252157,144.9619401,"(-37.81252157, 144.9619401)",40
Tuesday,36,261.8629879464779,Queen St (West),-37.81652527,144.96121063,"(-37.81652527, 144.96121063)",41
Tuesday,40,257.6790084388186,Lonsdale St-Spring St (West),-37.80999341,144.97227588,"(-37.80999341, 144.97227588)",42
Tuesday,20,254.47121688370004,Chinatown-Lt Bourke St (South),-37.81172913,144.9682466,"(-37.81172913, 144.9682466)",43
Tuesday,7,246.31090347373973,Birrarung Marr,-37.81862929,144.97169395,"(-37.81862929, 144.97169395)",44
Tuesday,42,239.5903439005265,Grattan St-Swanston St (West),-37.80008565,144.96386412,"(-37.80008565, 144.96386412)",45
Tuesday,67,232.8285033743549,Flinders Ln -Degraves St (South),-37.81688755,144.9656257,"(-37.81688755, 144.9656257)",46
Tuesday,63,232.58794788273616,231 Bourke St,-37.81333081,144.96675572,"(-37.81333081, 144.96675572)",47
Tuesday,56,222.4024319629415,Lonsdale St - Elizabeth St (North),-37.81234775,144.96153311,"(-37.81234775, 144.96153311)",48
Tuesday,39,214.62746365105008,Alfred Place,-37.81379749,144.96995745,"(-37.81379749, 144.96995745)",49
Tuesday,43,202.23848146896475,Monash Rd-Swanston St (West),-37.79844525,144.96411782,"(-37.79844525, 144.96411782)",50
Tuesday,65,200.90694668820677,Swanston St - City Square,-37.81569416,144.96680641,"(-37.81569416, 144.96680641)",51
Tuesday,31,200.35972523499638,Lygon St (West),-37.8016968,144.96658911,"(-37.8016968, 144.96658911)",52
Tuesday,72,188.2894106372784,Flinders St- ACMI,-37.81726337,144.96872809,"(-37.81726337, 144.96872809)",53
Tuesday,10,186.517911975435,Victoria Point,-37.81876473,144.94710545,"(-37.81876473, 144.94710545)",54
Tuesday,33,185.26895119418484,Flinders St-Spring St (West),-37.81483252,144.97454056,"(-37.81483252, 144.97454056)",55
Tuesday,50,182.90538663373977,Faraday St-Lygon St (West),-37.79808191,144.96721014,"(-37.79808191, 144.96721014)",56
Tuesday,48,171.3201219512195,QVM-Queen St (East),-37.80631581,144.95866698,"(-37.80631581, 144.95866698)",57
Tuesday,8,164.30221460907867,Webb Bridge,-37.82293543,144.94717511,"(-37.82293543, 144.94717511)",58
Tuesday,12,159.33314855875832,New Quay,-37.81457987,144.94292398,"(-37.81457987, 144.94292398)",59
Tuesday,70,139.83008608971454,Errol Street (East),-37.80456984,144.94946229,"(-37.80456984, 144.94946229)",60
Tuesday,49,128.97991967871485,QVM-Therry St (South),-37.80730067,144.95956055,"(-37.80730067, 144.95956055)",61
Tuesday,77,128.2355396541443,Harbour Esplanade (West) - Pedestrian path,-37.81441438,144.94433026,"(-37.81441438, 144.94433026)",62
Tuesday,34,122.58324428296645,Flinders St-Spark La,-37.81537985,144.9741505,"(-37.81537985, 144.9741505)",63
Tuesday,68,118.97737197300516,Flinders Ln -Degraves St (North),-37.81684789,144.96559789,"(-37.81684789, 144.96559789)",64
Tuesday,37,118.45391729563092,Lygon St (East),-37.80310271,144.96671452,"(-37.80310271, 144.96671452)",65
Tuesday,54,118.27580106152939,Lincoln-Swanston (West),-37.804024,144.963084,"(-37.804024, 144.963084)",66
Tuesday,64,113.17334423548651,Royal Pde - Grattan St,-37.79949544,144.95792282,"(-37.79949544, 144.95792282)",67
Tuesday,27,108.21899521962659,QV Market-Peel St,-37.80606888,144.95644693,"(-37.80606888, 144.95644693)",68
Tuesday,87,103.27777777777777,Errol St (West),-37.80454949,144.94921863,"(-37.80454949, 144.94921863)",69
Tuesday,51,100.3439330543933,QVM-Franklin St (North),-37.80841814,144.95906317,"(-37.80841814, 144.95906317)",70
Tuesday,62,95.89694547530688,La Trobe St (North),-37.80996494,144.96216521,"(-37.80996494, 144.96216521)",71
Tuesday,44,91.87867121328787,Tin Alley-Swanston St (West),-37.79690473,144.96440378,"(-37.79690473, 144.96440378)",72
Tuesday,73,89.81698113207547,Bourke St - Spencer St (South),-37.81695684,144.95415373,"(-37.81695684, 144.95415373)",73
Tuesday,46,89.55188378033206,Pelham St (South),-37.80240719,144.96156731,"(-37.80240719, 144.96156731)",74
Tuesday,69,84.9614926558158,Flinders Ln -Degraves St (Crossing),-37.81687225,144.96559145,"(-37.81687225, 144.96559145)",75
Tuesday,85,77.16547619047618,Macaulay Rd (North),-37.79432414,144.92973379,"(-37.79432414, 144.92973379)",76
Tuesday,11,70.73566995253742,Waterfront City,-37.81564989,144.93970695,"(-37.81564989, 144.93970695)",77
Tuesday,76,58.57686212361331,Macaulay Rd- Bellair St,-37.79453802,144.93036194,"(-37.79453802, 144.93036194)",78
Tuesday,86,57.47727272727273,Queensberry St - Errol St (South),-37.80309992,144.94908064,"(-37.80309992, 144.94908064)",79
Tuesday,75,39.70366649924661,Spring St- Flinders st (West),-37.81515275,144.97467661,"(-37.81515275, 144.97467661)",80
Tuesday,78,36.946929039952295,Harbour Esplanade (West) - Bike Path,-37.81471642,144.9446508,"(-37.81471642, 144.9446508)",81
Tuesday,71,33.45853029651912,Westwood Place,-37.81235775,144.97136962,"(-37.81235775, 144.97136962)",82
Wednesday,38,2431.9305555555557,Flinders St-Swanston St (West),-37.81723437,144.96715033,"(-37.81723437, 144.96715033)",1
Wednesday,60,1575.810606060606,Flinders La - Swanston St (West) Temporary,-37.81668188,144.9668954,"(-37.81668188, 144.9668954)",2
Wednesday,22,1405.0697185565807,Flinders St-Elizabeth St (East),-37.81786445,144.96506823,"(-37.81786445, 144.96506823)",3
Wednesday,41,1332.0407499521714,Flinders La-Swanston St (West),-37.81668633,144.96689733,"(-37.81668633, 144.96689733)",4
Wednesday,4,1323.8621586475942,Town Hall (West),-37.81487988,144.9660878,"(-37.81487988, 144.9660878)",5
Wednesday,35,1221.688824536001,Southbank,-37.82017828,144.96508877,"(-37.82017828, 144.96508877)",6
Wednesday,24,1187.5777072949707,Spencer St-Collins St (North),-37.81887962,144.95449198,"(-37.81887962, 144.95449198)",7
Wednesday,6,1153.6990437240634,Flinders Street Station Underpass,-37.81911704,144.96558256,"(-37.81911704, 144.96558256)",8
Wednesday,3,1055.545881321983,Melbourne Central,-37.81101523,144.96429485,"(-37.81101523, 144.96429485)",9
Wednesday,13,1054.5125899280577,Flagstaff Station,-37.81239679,144.95652653,"(-37.81239679, 144.95652653)",10
Wednesday,32,1038.5958067940553,City Square,-37.81573742,144.96685718,"(-37.81573742, 144.96685718)",11
Wednesday,1,1018.1309475941563,Bourke Street Mall (North),-37.8134944,144.96515324,"(-37.8134944, 144.96515324)",12
Wednesday,5,971.6075887091815,Princes Bridge,-37.81874249,144.96787656,"(-37.81874249, 144.96787656)",13
Wednesday,2,928.0784984984984,Bourke Street Mall (South),-37.81380667,144.96516719,"(-37.81380667, 144.96516719)",14
Wednesday,28,848.0153524709302,The Arts Centre,-37.82129924,144.96879309,"(-37.82129924, 144.96879309)",15
Wednesday,84,828.1190476190476,Elizabeth St - Flinders St (East) - New footpath,-37.81798049,144.96503383,"(-37.81798049, 144.96503383)",16
Wednesday,15,775.8541505042668,State Library,-37.81064378,144.96447132,"(-37.81064378, 144.96447132)",17
Wednesday,16,766.5350553505535,Australia on Collins,-37.81573422,144.96521044,"(-37.81573422, 144.96521044)",18
Wednesday,47,741.8664611390557,Melbourne Central-Elizabeth St (East),-37.81160331,144.96220077,"(-37.81160331, 144.96220077)",19
Wednesday,45,629.345036535377,Little Collins St-Swanston St (East),-37.81414074,144.9660938,"(-37.81414074, 144.9660938)",20
Wednesday,9,624.4420154945649,Southern Cross Station,-37.81982992,144.95102556,"(-37.81982992, 144.95102556)",21
Wednesday,53,609.7041224970553,Collins Street (North),-37.8156419,144.965499,"(-37.8156419, 144.965499)",22
Wednesday,55,585.6125534012488,Elizabeth St-La Trobe St (East),-37.80988941,144.96134331,"(-37.80988941, 144.96134331)",23
Wednesday,58,533.1072227873856,Bourke St - Spencer St (North),-37.81686074,144.95358075,"(-37.81686074, 144.95358075)",24
Wednesday,17,514.764822640543,Collins Place (South),-37.81362542,144.97323592,"(-37.81362542, 144.97323592)",25
Wednesday,57,509.3895187165775,Bourke St Bridge,-37.8176735,144.95025595,"(-37.8176735, 144.95025595)",26
Wednesday,21,493.93423887587824,Bourke St-Russell St (West),-37.81244703,144.96778757,"(-37.81244703, 144.96778757)",27
Wednesday,25,491.91803895737274,Melbourne Convention Exhibition Centre,-37.82401776,144.95604426,"(-37.82401776, 144.95604426)",28
Wednesday,66,483.0702409229725,State Library - New,-37.81057845,144.96444294,"(-37.81057845, 144.96444294)",29
Wednesday,26,465.92774540564767,QV Market-Elizabeth St (West),-37.80869542,144.96049404,"(-37.80869542, 144.96049404)",30
Wednesday,19,438.8206971875853,Chinatown-Swanston St (North),-37.81237202,144.96550671,"(-37.81237202, 144.96550671)",31
Wednesday,18,407.66366403677705,Collins Place (North),-37.81344861,144.97305354,"(-37.81344861, 144.97305354)",32
Wednesday,30,385.37545667447307,Lonsdale St (South),-37.81121849,144.96656807,"(-37.81121849, 144.96656807)",33
Wednesday,14,378.3940718221547,Sandridge Bridge,-37.82011242,144.96291898,"(-37.82011242, 144.96291898)",34
Wednesday,79,365.57728437233135,Flinders St (South),-37.81794046,144.96616678,"(-37.81794046, 144.96616678)",35
Wednesday,23,342.5523853635943,Spencer St-Collins St (South),-37.81909256,144.95452749,"(-37.81909256, 144.95452749)",36
Wednesday,29,326.4079780697609,St Kilda Rd-Alexandra Gardens,-37.81965808,144.96863453,"(-37.81965808, 144.96863453)",37
Wednesday,52,290.65442764578836,Elizabeth St-Lonsdale St (South),-37.81252157,144.9619401,"(-37.81252157, 144.9619401)",38
Wednesday,40,286.17973614775724,Lonsdale St-Spring St (West),-37.80999341,144.97227588,"(-37.80999341, 144.97227588)",39
Wednesday,61,286.14137656125433,RMIT Building 14,-37.80767455,144.96309115,"(-37.80767455, 144.96309115)",40
Wednesday,59,285.1616954474097,Building 80 RMIT,-37.80825648,144.96304859,"(-37.80825648, 144.96304859)",41
Wednesday,20,275.4589898262357,Chinatown-Lt Bourke St (South),-37.81172913,144.9682466,"(-37.81172913, 144.9682466)",42
Wednesday,36,273.8474873820496,Queen St (West),-37.81652527,144.96121063,"(-37.81652527, 144.96121063)",43
Wednesday,7,261.22320690950056,Birrarung Marr,-37.81862929,144.97169395,"(-37.81862929, 144.97169395)",44
Wednesday,42,249.6568823660218,Grattan St-Swanston St (West),-37.80008565,144.96386412,"(-37.80008565, 144.96386412)",45
Wednesday,67,247.4906560636183,Flinders Ln -Degraves St (South),-37.81688755,144.9656257,"(-37.81688755, 144.9656257)",46
Wednesday,63,246.01043364851645,231 Bourke St,-37.81333081,144.96675572,"(-37.81333081, 144.96675572)",47
Wednesday,48,230.53148742191456,QVM-Queen St (East),-37.80631581,144.95866698,"(-37.80631581, 144.95866698)",48
Wednesday,56,228.53294685990338,Lonsdale St - Elizabeth St (North),-37.81234775,144.96153311,"(-37.81234775, 144.96153311)",49
Wednesday,65,220.36007764477515,Swanston St - City Square,-37.81569416,144.96680641,"(-37.81569416, 144.96680641)",50
Wednesday,39,220.278414568827,Alfred Place,-37.81379749,144.96995745,"(-37.81379749, 144.96995745)",51
Wednesday,72,213.9716754680749,Flinders St- ACMI,-37.81726337,144.96872809,"(-37.81726337, 144.96872809)",52
Wednesday,31,211.42917604682575,Lygon St (West),-37.8016968,144.96658911,"(-37.8016968, 144.96658911)",53
Wednesday,43,210.49949557224525,Monash Rd-Swanston St (West),-37.79844525,144.96411782,"(-37.79844525, 144.96411782)",54
Wednesday,50,190.67718110478535,Faraday St-Lygon St (West),-37.79808191,144.96721014,"(-37.79808191, 144.96721014)",55
Wednesday,10,189.34216057166876,Victoria Point,-37.81876473,144.94710545,"(-37.81876473, 144.94710545)",56
Wednesday,33,187.44170237919315,Flinders St-Spring St (West),-37.81483252,144.97454056,"(-37.81483252, 144.97454056)",57
Wednesday,8,165.96156666259319,Webb Bridge,-37.82293543,144.94717511,"(-37.82293543, 144.94717511)",58
Wednesday,12,161.31209523222105,New Quay,-37.81457987,144.94292398,"(-37.81457987, 144.94292398)",59
Wednesday,49,148.76218388879585,QVM-Therry St (South),-37.80730067,144.95956055,"(-37.80730067, 144.95956055)",60
Wednesday,70,145.35294117647058,Errol Street (East),-37.80456984,144.94946229,"(-37.80456984, 144.94946229)",61
Wednesday,77,135.7397014925373,Harbour Esplanade (West) - Pedestrian path,-37.81441438,144.94433026,"(-37.81441438, 144.94433026)",62
Wednesday,34,127.23569131832798,Flinders St-Spark La,-37.81537985,144.9741505,"(-37.81537985, 144.9741505)",63
Wednesday,68,123.82107355864811,Flinders Ln -Degraves St (North),-37.81684789,144.96559789,"(-37.81684789, 144.96559789)",64
Wednesday,37,122.65554734508603,Lygon St (East),-37.80310271,144.96671452,"(-37.80310271, 144.96671452)",65
Wednesday,54,122.6242376549282,Lincoln-Swanston (West),-37.804024,144.963084,"(-37.804024, 144.963084)",66
Wednesday,51,114.40612962652823,QVM-Franklin St (North),-37.80841814,144.95906317,"(-37.80841814, 144.95906317)",67
Wednesday,64,111.59905288082084,Royal Pde - Grattan St,-37.79949544,144.95792282,"(-37.79949544, 144.95792282)",68
Wednesday,27,110.65346624376983,QV Market-Peel St,-37.80606888,144.95644693,"(-37.80606888, 144.95644693)",69
Wednesday,87,110.10648148148148,Errol St (West),-37.80454949,144.94921863,"(-37.80454949, 144.94921863)",70
Wednesday,62,108.04144041154616,La Trobe St (North),-37.80996494,144.96216521,"(-37.80996494, 144.96216521)",71
Wednesday,44,95.06726359467133,Tin Alley-Swanston St (West),-37.79690473,144.96440378,"(-37.79690473, 144.96440378)",72
Wednesday,69,89.5582504970179,Flinders Ln -Degraves St (Crossing),-37.81687225,144.96559145,"(-37.81687225, 144.96559145)",73
Wednesday,46,89.47611439527081,Pelham St (South),-37.80240719,144.96156731,"(-37.80240719, 144.96156731)",74
Wednesday,73,87.65277777777777,Bourke St - Spencer St (South),-37.81695684,144.95415373,"(-37.81695684, 144.95415373)",75
Wednesday,85,77.72738095238095,Macaulay Rd (North),-37.79432414,144.92973379,"(-37.79432414, 144.92973379)",76
Wednesday,11,66.74245827010623,Waterfront City,-37.81564989,144.93970695,"(-37.81564989, 144.93970695)",77
Wednesday,76,61.001057641459546,Macaulay Rd- Bellair St,-37.79453802,144.93036194,"(-37.79453802, 144.93036194)",78
Wednesday,86,58.57575757575758,Queensberry St - Errol St (South),-37.80309992,144.94908064,"(-37.80309992, 144.94908064)",79
Wednesday,75,41.63462506290891,Spring St- Flinders st (West),-37.81515275,144.97467661,"(-37.81515275, 144.97467661)",80
Wednesday,78,37.44119402985075,Harbour Esplanade (West) - Bike Path,-37.81471642,144.9446508,"(-37.81471642, 144.9446508)",81
Wednesday,71,34.847180370210936,Westwood Place,-37.81235775,144.97136962,"(-37.81235775, 144.97136962)",82
